ID,Text,Label
1,i wouldn t say i feel homesick really but i miss being in the circle knowing what is going on in the family having that sense of community,sadness
2,i feel as if im being too needy and unworthy of care,sadness
3,i let a few people read a few pages when i m feeling rotten about my work and need encouragement,sadness
4,i used to be a bright light i used to shine the way but im fading every day im just crooked teeth and bad tattoos thats all ill ever be to you and i feel so awkward in my skin we all live in the shadows of the statues of our former selves,sadness
5,i know i know its riveting stuff sorry for the lack of effort this month but i have a feeling no one is all that disappointed,sadness
6,i open it i feel like it was empty,sadness
7,i go there whenever i feel gloomy,sadness
8,i feel i m the one being abused here mentally,sadness
9,i found myself feeling rather ungrateful,sadness
10,i dont know that well ever resolve our differences on earth but i feel less burdened with a need for it,sadness
11,i feel unimportant a trifle the brume of society,sadness
12,im feeling a little bummed and ignored right now,sadness
13,i have been feeling kind of lame at work lately,sadness
14,i was feeling so miserable that i wanted everyone to feel that way too,sadness
15,i feel terrible for elizabeth fechtel,sadness
16,i began to feel more and more emotional i decided it was time to just turn off all the lights darken the room and spend time healing resting and mourning with only my husband to see,sadness
17,i don t feel as troubled and stigmatize as i felt i was so the site doesn t really reflect me anymore,sadness
18,i guess what im saying is that ive gotten way more self conscious about blogging than i used to be and i feel ashamed of that,sadness
19,im starting to feel the abused child syndrome again,sadness
20,i actually enjoy my job because i can do it for free however i feel my passion is suffering because of my career confused,sadness
21,i lie in bed or is it a coffin it feels more like a coffin not altogether unpleasant just very still i push my legs together and cross my hands i try not to cry i sink downwards hoping for a prick a poke a tube of fluid a needle of,sadness
22,i hear the swish and feel the bite of this whip as she swings it against my unprotected balls making them dance with every lash,sadness
23,i might hate feeling awkward and encumbered and stretched and sore all the time,sadness
24,i see leaders friends people i look up to strangers in the faith all loosing their lives and i honestly feel a bit discouraged,sadness
25,my girlfriend left me,sadness
26,i believe you will be here with me to assist me in staying strong and courageous throughout all the trials struggles and issues and i praise you for not allowing me to be afraid or feeling discouraged if things don t seem to be progressing in my time,sadness
27,i feel shitty for no real reason and then i get even more upset at myself for feeling that way,sadness
28,i was feeling quite beaten up,sadness
29,i know in my logical head i have absolutely nothing to feel sad about but i feel it anyway,sadness
30,i refuse to feel ashamed because i wasnt aglow in the joy of doing halloween for the fifth time,sadness
31,i hated the fact that i cried for someone who didnt deserve my tears and i hated the fact that i have become a weak person by feeling helpless,sadness
32,i feel ashamed of and purely disgusted by,sadness
33,i have been feeling low,sadness
34,i wish i didnt feel the urge to transform myself to hide the pain to dwell on what ifs i find it more than a little tragic that i know exactly the things i am doing wrong yet i cant seem to muster enough motivation to alter them more than what suits my comfort zone,sadness
35,i feel awkward around amp about them perhaps not the poems but the collections they are it feels as if vain author is always opposed subsequently by a recondite governor by which time its too late,sadness
36,i feel like i have been punished by the shunned for not being part of the group,sadness
37,i have a feeling i m not alone in that,sadness
38,i feel humiliated and embarrassed,sadness
39,im feeling groggy sleepy yet i cant sleep,sadness
40,i feel so worthless in your eyes,sadness
41,i feel like i win when i lose waterloo i was defeated you won the war waterloo promise to love you for ever more waterloo couldnt escape if i wanted to waterloo knowing my fate is to be with you waterloo finally facing my waterloo knowing my fate is to be with you,sadness
42,i are both feeling in such a way that we are completely and inevitably defeated,sadness
43,i have been crying a lot and feeling kind of depressed,sadness
44,id pronounce it as the f word or as yeah depending on how i feel that day i have a dirty mouth i know but i consider myself outspoken and not afraid of saying what i actually think,sadness
45,i cant feel jaded about keegan anymore because he needs to learn his own lessons and if we lose each other in the process well deal with that as it comes,sadness
46,i started this blog to first help me deal and maybe touch someone feeling as hopeless,sadness
47,i do not know how a lot of occasions they beat that drum but i feel like it was beaten a little as well heavily,sadness
48,i feel pretty resigned to the fact that unless hes willing to step up his commitment level im not willing to put myself several states away to just live with him without any promises for a real future,sadness
49,i feel quite boring but there s nothing exciting,sadness
50,i watched myself go through the motions the way i responded to the collapsed feeling in my chest and the unpleasant scratchy constricted feeling in the back of my throat,sadness
51,i admit sometimes i feel defeated by the symptoms,sadness
52,i feel hopeless to resolve these issues,sadness
53,i feel devastated and help hellip,sadness
54,i can t help but feel disturbed and almost wronged when i feel somebody s doing something inappropriate with their lives,sadness
55,i dont know why i feel so gloomy and wretched these days,sadness
56,i feel like im lost ive never seen them in years and its awful,sadness
57,i feel awful because i see her eating in mr,sadness
58,i said earlier don t you feel me is all about the emotional mind games none more so than sarah making jason watch as she tries to make jessica bone another vampire,sadness
59,i am feeling like my goal is a little lame in comparison,sadness
60,i feel that is how low i feel due to my weight,sadness
61,i know kame is feeling troubled over the decisions he made last year,sadness
62,i woke up feeling a little groggy but so rested,sadness
63,i make mistakes or feel as if ive acted out of line or let go of too much information i feel shamed,sadness
64,ive still not completely got used to ashs new working pattern i feel a bit lost at night when it used to be time for us to sit down and relax put our feet up and watch the tv hes still off at work,sadness
65,i feel sorry for the people about to lose their jobs,sadness
66,i feel guilty because i know that i am being unappreciative of what ive already been granted with,sadness
67,i didn t enter the random tournaments because i was too busy playing casuals in the other room but i heard plenty of hakans popped out on the selection screen which made me feel a little regretful about not entering,sadness
68,i feel sexually abused,sadness
69,i start feeling whiney and sad and poopy just like children when the feel bad,sadness
70,i feel ignored abandoned betrayed,sadness
71,i feel so guilty for putting my child in daycare,sadness
72,i have no flexibility goal in mind i just don t want to wake up and feel miserable every single moment of every single day,sadness
73,ive had days where i feel defeated,sadness
74,i feel like it title share on stumbleupon stumbleupon a target blank rel nofollow class reddit href http reddit,sadness
75,i want to read again because i feel that because i read those in college or thereabouts there is probably so many things i missed in those novels,sadness
76,i feel so disliked sometimes,sadness
77,i was feeling incredibly drained and while it may be viewed as a weakness i am learning to recognize that it is imperative for me to take the time to let god love on me and fill me up because without that time i m not going to last,sadness
78,i spent most of the movie shaking my head and feeling slightly embarrassed for the people who actually spent money to produce this film and for myself for sitting down to watch it,sadness
79,im feeling defeated and making up excuses,sadness
80,i feel deeply pained due to the pain i must have caused you,sadness
81,i want people to feel unwelcome and like they cant sit down anywhere,sadness
82,i feeling unloved,sadness
83,i feel awful tummy from my period and my head from last night,sadness
84,i also have been feeling pretty lousy on the days after consuming even moderate amounts of wine so i don t think i can really have more than a glass and need to make sure it s on the weekend so i m not incapacitated during the week,sadness
85,i was feeling very lethargic and thought it would be a good idea to go for a run,sadness
86,i could feel the aching in my back,sadness
87,three weeks ago a friend of mine bid me goodbye before going abroad i felt happy for her as she was achieving something by making the trip,sadness
88,i cannot help feeling that now i am fake i am not who am i really is,sadness
89,im feeling particularly lame today,sadness
90,i feel a little empty being back as most of my friends have graduated already and i dont have my work colleagues keeping me company anymore,sadness
91,i put into thinking about this person and guiding this person if that person doesn t respond i can feel like all of my labors are in vain,sadness
92,i feel like i ve complained about the aching legs an awful lot lately,sadness
93,i have a feeling my college life is going to be doomed,sadness
94,i feel so at fault it is horrible,sadness
95,i feel a bit low and one of my remedies for that is comedy,sadness
96,im feeling very remorseful at the moment,sadness
97,ive been pretty slack with updating my blog as ive been busy and feeling groggy however i am back to my usual self now the last two weeks have been pretty jam packed so im not going to go into loads of detail else i will be here for hours so i will just bullet point whats happened,sadness
98,i have heard so many times that being there is enough but when it is someone who is so close to you you cannot help but feel helpless,sadness
99,i was not feeling beaten down and slightly broken after the sequence of the last or so months,sadness
100,i feel more and more listless,sadness
101,i thought i was doing really well amp have been buying a few items or just on a certain item of food but then last week i spoke to my friend who has a complete one year supply amp i feel really discouraged,sadness
102,i feel shitty about it why do i do it,sadness
103,i feel whiney lol,sadness
104,i occasionally lose my frame and begin to feel low status,sadness
105,i made my hubby a valentine mix and now im feeling all sentimental and stuff,sadness
106,i guess i should allow for do nothing days but why why why did they have to come first making me feel doomed for the rest of it,sadness
107,i squirmed against it but the pain was starting to get to him so he stopped feeling resigned,sadness
108,i have been so twisted up frustrated feeling dumb put upon rushed had things to do places to be i want to sleep until thursday it is just all too much,sadness
109,im feeling is just groggy and after i were to pop that lethal tiny yellow pill which is like about mm in diameter it makes me all drowsy and ill just die in bed,sadness
110,i feel less jaded or more enthusiastic now,sadness
111,i certainly left feeling a little bit like a character from sex and the city but less needy and way more awesome,sadness
112,i can sit behind my computer and type and weep and say all kinds of things because there is no one right in front of me to feel embarrassed and vulnerable in front of,sadness
113,i feel mournful yet joyful when my journey leads me to an old road being taken back by the earth,sadness
114,i feel like watching another movie but u noe i m broke so i think i will have to postpone my plan,sadness
115,i didnt go feeling kinda regretful right now,sadness
116,i feel really needy right now like i could talk a friends ear off,sadness
117,i feel a bit dull,sadness
118,i mentioned in my previous post i was feeling pretty rotten after that mile hike last saturday,sadness
119,i umenyiora feels disrespected facebook a rel nofollow target blank class share delicious href http del,sadness
120,im feeling awfully disturbed today aucs as u can see,sadness
121,i feel even more useless because i cannot get that person back i cant even get him to talk,sadness
122,i want to tell him so he doesnt feel like he missed anything but i dont think he thinks he needs a replay of every event,sadness
123,i feel damaged and broken over this and i have been for so long,sadness
124,i sit quietly trying to get other work done but feeling largely useless,sadness
125,i still need to write lilah s two year birthday post and i m going to backdate it because i feel like a neglectful mama but i wanted to post a few cute photos from her birthday party,sadness
126,i have a great life an easy life and as ever i feel a little stupid about my doldrums,sadness
127,i feel like i am being punished a class post count link href http littlecyndilou,sadness
128,im feeling rotten today a href http www,sadness
129,i feel beaten,sadness
130,i cant help but to feel embarrassed for both myself and the school for the reputation its starting to get as being hostile towards blacks asians and other minorities,sadness
131,i am feeling heartbroken all the same,sadness
132,im dealing with are not the end of the world but ive been battling so much that i just feel drained ineffective and done,sadness
133,i have so many people around me and yet i feel alone,sadness
134,i feel on the inside pretty crappy and i am finding i dont think the outside is looking so hot either,sadness
135,i feel devastated with the situation that i have placed you,sadness
136,i feel horrible that i am questioning him and his wisdom part of my catholic upbringing i guess,sadness
137,i am also grateful for the reminder that i cant feel sorry for myself and be grateful at the same time,sadness
138,i hate it i know i can feel but when you love it you know its not real no and i am resigned to this wicked fucking world on its way to hell the living are dead and i hope to join them too i know what to do and i do it well,sadness
139,i left brakpan police station feeling disheartened,sadness
140,im feeling a little sentimental tonight,sadness
141,i feel like such a neglectful mother i know its all just for attention,sadness
142,i am trying to get at has nothing to really do with feeling rejected but the way people go about doing it,sadness
143,i suddenly crumble and get immediate feelings of being disliked or bad,sadness
144,i woke up with a gut feeling of being so guilty,sadness
145,i feel as though all of my characters are boring too mainstream or just,sadness
146,i just feel so disillusioned about singaporeans and their mind our own business attitude that has already crept into our subconcious and become the way of life,sadness
147,i feel like he was miserable because im happy,sadness
148,i feel alone all the time and he just happened to be there,sadness
149,i feel like a messy drawer hats been straightened up,sadness
150,i am feeling like a bit of a dull fucker at the moment,sadness
151,i need no stamps or degrees to feel valuable enough to qualify for and participate in society,joy
152,i feel very privileged to be mingling with them,joy
153,i became happy after i found god or i was so unhappy until i got god into my life i believe in god i pray i m a good person most of the time but i have this void emptiness horrible feeling lately and how come i m not as happy,joy
154,i feel adventurous,joy
155,i am apparently feeling inspired and i posted two shared topic ideas on the a href http www,joy
156,i even had time to make some freebies last week as i was feeling very generous,joy
157,i couldnt stop myself and started feeling joyful and hopeful inside as pilate turned to the crowd and said i can find no fault with this man,joy
158,i feel comes from dave that s really cool lessard said,joy
159,i didnt have a bum knee i d feel more triumphant more like a real athlete maybe if i d trained harder i wouldn t be feeling this way,joy
160,i am blunt only because i feel that someone should be told something in a truthful way,joy
161,i feel pretty lucky to have it in my house,joy
162,i guess it feels virtuous,joy
163,i can say i feel very satisfied watching this,joy
164,i giggle away it just feels so cute,joy
165,i do not want to feel superior again,joy
166,i think i ve grown up a certain stage in me and somehow i feel these poems as a return in the past and not a pleasant one,joy
167,i am feeling so joyful this morning,joy
168,i feel like a princess so so gorgeous,joy
169,i feel more confident and less socially awkward than i have in years,joy
170,i liked just talking to someone and that butterfly like feeling you get when someone is sweet to you and it just felt nice to be noticed again,joy
171,i was feeling invigorated free light i wasn t thinking about anything,joy
172,i reflect on my life i feel nothing but contented,joy
173,i used to love love love dressing up and going to parties and having a spooky time but this year just feels mellow,joy
174,i find myself very sensitive to what she feels about me and with that i withdraw a little of my playful nature,joy
175,i don t feel as happy as i thought i would,joy
176,ive become in a mere years yeah right o but i really just feel so eager for it all,joy
177,i only need to crack open a volume and instantly i feel reassured that things will be alright,joy
178,i feel righteously virtuous that i work a full schedule plan and cook organic meals for my family weekly visits to the farmers market do the laundry ok with a little help from k manage all finances and keep a clean organized house,joy
179,i have absolutely no reasonings why i like you so much i know that there are many others who dislike and try to tear you apart but there is a special something that i feel within you and i am always delighted when you respond to something of mine,joy
180,i didnt feel pain and it felt pretty comfortable,joy
181,i feel special now a dir ltr href http fireblossom wordgarden,joy
182,i there its wednesday and i am feeling giggly today because of the artist that i am featuring today a href http www,joy
183,i am slowly realising is that because i don t count the housework shopping cooking and child transporting as productive activities i am rushing to do all the things i feel are more worthwhile in between these tasks and i am actually feeling under pressure to meet my own unrealistic expectations,joy
184,i feel like if you shop smart you can still add a few things here and there to your wardrobe without breaking the bank,joy
185,i am standing in my oversized tee shirt baggy yoga pants pulled up hair already semi sweat streaked from spin and am trying to feel graceful and sexy,joy
186,i do feel this years pinnacle design is an improvement from last years i am not thrilled with it,joy
187,i ask questions to feed their egos to make them feel really smart and important,joy
188,i got a wig but i feel like everyone is looking at me but its really cute and kinda blonde,joy
189,i feel like that s divine intervention that we met because i met him as a manager,joy
190,i made them come visit us here since they are lonely at home i didnt feel that festive mood that i always felt back in malaysia when i see those decorations and listen to the new year songs being played in the shopping malls,joy
191,i feel like all the carefree i had is tainted with a double meaning somehow,joy
192,i feel like portal is a bit of an homage to being a smart nerd and that endears it to me quite a bit,joy
193,im feeling and recently saying no took a lot courage as there are a lot of cool stuff going on but its making me feel better,joy
194,i feel peaceful right now,joy
195,i guarantee you will feel glamorous if you do the gloves then focus on your heels and a wonderful black beaded pair of earrings,joy
196,i find i have a mixture of conflicting feelings sadness that it is all over glad that i had the opportunity to spend time there and perhaps disappointment that we couldnt make it work in the timescale,joy
197,i feeling hopelessly rich,joy
198,i suppose its a lack of feeling special,joy
199,i am feeling the need to consolidate to step back and re evaluate the purpose of this blog other than providing a fabulous vicarious life for yall to live through my sarcasm does not always come across in print,joy
200,i am much more aware of my own limitations now than i was three years ago and i no longer feel at all sure that we are prepared for another child who has bigger needs,joy
201,i am feeling ecstatic for several days now,joy
202,im feeling eager to get back on the elliptical,joy
203,i also value then i would feel ok about giving thousandth of my salary to that same charity,joy
204,i feel like my creative juices are gone,joy
205,im really not feeling too keen on these things,joy
206,i will discover what it feels like to look for alaska through the eyes of one very talented brother and founding nerdfighter,joy
207,i chose vain beauty initially i wasnt very keen on vain beauty because when i called the lady who answered gave very curt answers which made me feel that she wasnt very keen on doing my business,joy
208,i was feeling pretty smug because i met my challenge a href http lindacraftycorner,joy
209,i feel as tho i am over eager but im not gonna fight it,joy
210,i feel excited or not,joy
211,i love the colour and i feel really glamourous when i put it on,joy
212,i knew that she was dying about a year before she actually left us and so i spent almost half of the last year of her life with her and had some great heart to heart very honest talks with her that allow me to feel peaceful now,joy
213,i will feel carefree,joy
214,im just not comfortable at home because no one who can make me comfortable and feel valued,joy
215,ill be doing to make myself feel virtuous,joy
216,im now on my second martini and feeling fine,joy
217,i am feeling excited about my new channeling crystals sided face with an isis face also,joy
218,i feel honoured that finally the iranian authorities recognised my effort to promote the persian cat as a mayor player in science and research,joy
219,i am going to wear the yoke and ruffle skirt that makes me feel gorgeous,joy
220,i am definitely feeling the heat of having my wedding follow such a gorgeous ceremony and reception so closely,joy
221,i shook my head and kept walking feeling quite smug that hed never guess,joy
222,i didnt feel too smart after that but i did feel proud,joy
223,i dont know why but i dont feel contented,joy
224,i could feel her jump at all the bangs which was so cute,joy
225,i write this i realize that it may sound that i am feeling quite virtuous about my morning s efforts and sounding quite impossible,joy
226,i feel judging from my blog content i must at times come across as quite snobby because i prefer classics over a lot of contemporary fiction,joy
227,i feel that many are not in substance elegant but very filling from the supreme good heart,joy
228,i have dance my school work money problem i dun need no more problems worrying about you worrying about my feelings for u i have assured u time and time again,joy
229,i feel in a funk because there is not one single area of my house that is pretty acceptable enough for me to photograph and put on my blog,joy
230,i feel might be useful to teachers and administrators who work with refugees,joy
231,i always am when charged with creating art because i just don t feel i m all that artistic,joy
232,i know second time but i feel like it with another picture showing the artistic side of me,joy
233,i feel privileged to do life with her,joy
234,i channeled a lot of my own wit in my last posting i m just not feeling the humorous spirits tonight errr early evening pre staff meeting,joy
235,i feel pretty cute in them too,joy
236,i just love knowing that soon i am going to be able to have a sunday where i am not totally bummed that ill have to go to sleep early d for me the best feeling is waking up to the sun and being carefree,joy
237,i do feel like im working towards my goal now and feeling more relaxed and content with my life even more,joy
238,i feel that it s vital that people have ample time to express their views,joy
239,im feeling positive right now though because i decided to jog even though i usually end up so disappointed in how awful i am,joy
240,i feel so much energetic when i know them,joy
241,i just would feel more convinced it someone in business said so,joy
242,i just want to pay my bills doing something i feel is valuable,joy
243,i was feeling fantastic per my post on january th,joy
244,i feel extremely satisfied serving the poor free of cost said dr,joy
245,im feeling happy today hahaha,joy
246,i feel like thrilled or something like really happy,joy
247,i just forgot about the disappointment feeling because i was not accepted just i f you read this just think about it as something that i wanted to tell you just so you will remember those times,joy
248,i get the cold and then wear it on my face for the rest of the month during which i have to endure people repeatedly asking me if i feel ok because you look terrible,joy
249,i feel honoured to have this mona piece chosen to be put on a large,joy
250,i have readers i feel like i need to write or say something worthwhile something that will keep their attention and maybe even make them smile,joy
251,i feel that creative fire and sometimes i feel nothing at all a hollow where before ideas snuggled up together and percolated one by one through the filter of my waking mind,joy
252,i feel like he has a very pleasant nearly transparent presence on lobelia though that presence was necessary nonetheless,joy
253,i am sure if one romance rekindled like the way angel did stoic can even feel the feel and yet this time so much to reveal as i just got divine bliss,joy
254,i did feel like accosting this ridiculously handsome couple that i passed on the sidewalk yesterday,joy
255,i start to feel joyful seem to be hit by life,joy
256,i feel in a very graceful way,joy
257,i left uganda i was feeling pretty fed up,joy
258,i feel confident in the thoroughness of the doctors and in the fact that they wont hesitate to send us to boston if they feel they are in over their heads,joy
259,i make myself feel energetic and superior and more than and a href http eqafe,joy
260,im feeling peaceful and blessed and very grateful tonight,joy
261,i was feeling very overworked and i wasn t really that pleasant to be around,joy
262,i feel honoured to be asked to chair this lecture,joy
263,i love and it brings me absolute joy to stay up editing photos everyday til the wee hours of the morning because that feeling when ive freezed a perfect moment that feeling when i realize im proud of a photo ive taken that feeling,joy
264,i was used to coming out of the shower and feeling instantly like my hair was in a fab condition but these products definitely took a couple of days to settle down,joy
265,i feel fine a href http alexfeldstein,joy
266,i received this script and i thought it was really funny and unique and new so i auditioned for it and ended up getting the part and i couldn t be happier or feel lucky it s so much fun,joy
267,i settled back onto my knees not sure if i should feel relieved,joy
268,i do to make he believe me that my feelings are sincere,joy
269,im feeling a bit more positive although still tired and achy,joy
270,i feel the amount of intelligent jokes decreased significantly,joy
271,i feel it wont be that pleasant though im not worried about this secret how about you,joy
272,i think this is good legislation and with the help of the inspector general s office the residents of yonkers will be able to feel assured as the city enacts more safeguards to discourage inappropriate transactions faulty records or the more dastardly case of outright embezzlement,joy
273,i feel like if things are determined by the universe or the universal balance or whatever i have a safety net,joy
274,i was expecting way too much out of myself by trying to feel happy and awesome,joy
275,i feel carefree i feel very at ease and i feel like myself,joy
276,ive been spending a lot of time in my sewing room again and it feels wonderful,joy
277,im thankful that i feel that much more obscenely proud than jealous of said ass kicking friends,joy
278,i am feeling incredibly thankful for my family,joy
279,i was pretty sure i was dying but today im feeling more optimistic about survival,joy
280,i need to feel like what im doing is worthwhile to someone else as well as me,joy
281,im feeling glamorous,joy
282,i have a feeling its gonna be pretty cute,joy
283,i used to race with the sun feeling life running through my veins being carefree after some not so much happy years,joy
284,i come to paris i feel so welcomed by the whole city,joy
285,i feel like i m still just getting started and there are many ideas and directions i m eager to pursue,joy
286,i see cute boys i get so elated i feel like im so delighted and my eyes literally turn heart shaped like in cartoons,joy
287,im not feeling cute funny or witty this evening,joy
288,i feel the most inspired where i am the most peaceful and where i go to remember what is important,joy
289,i do feel that the song is a lot more festive both in the way it sounds and the video content which can only be a positive,joy
290,i thought this was a profound thing to say because in this day and age people still look at hiv positive people in a funny way and feel pity for them convinced that they are surely dying slowly,joy
291,i didnt feel a spark necessarily but he was cute and was fun to talk with,joy
292,i feel comfortable within my skin,joy
293,i can say with certainty that minutes after you finish eating you will be full and satisfied and you will also feel fantastic,joy
294,i was drafting i wasnt feeling creative enough to do without this but if someone can figure out a way to eliminate it while still giving us appropriate negotiating parameters id welcome the suggestion,joy
295,i used to feel like no one would ever like me because my hair is not super long and because i am not skinny,joy
296,im keeping my notes just in case i feel inspired to go into greater detail about this one in the morning but i doubt thatll happen,joy
297,i feel like im on a days a week pms not very pleasant if you know what i mean,joy
298,i feel so glad ive emilyn amp melinda with me throughout all these times never throwing me away when they dont need me,joy
299,i almost didnt even feel convinced by the way the book was written,joy
300,i feel very privilaged to have the opportunity to work with these incredably commited and talented artists,joy
301,i knew he was feeling horny so while sitting near him i opened his dhoti and stated mouth fucking him,love
302,i feel like for me it brings loving to a whole new level,love
303,i now feel terribly sympathetic towards parents of children who are behind their peers in reading because i suspect its easy to feel guilty or blamed,love
304,i will update you briefly on me and how im feeling and then i will leave you with some lovely egg images,love
305,ive gotten the feeling that my friends arent that supportive and are more competitive with me always trying to best me at things,love
306,i didnt feel like you were being supportive and happy for me,love
307,i wish i didnt feel the need to be this loyal,love
308,i wonder if she s going to mark me again my stomach fluttering at the thought conflicted feelings but her touch remains gentle barely there at all,love
309,i feel the pain carves me with it s knife only you can make me see it goes on and on confuses my mind i m longing for tomorrow to leave the past behind,love
310,i have definately learned that no matter how umprepared we may feel god is faithful and will work things out for his glory,love
311,i think the heart is completely ridiculous because t makes me love and feel all the emotions that come with loving another living being,love
312,i feel with the capacity of a producer and an actor someone like david would be far more accepted when he comes onscreen and shows boxing in a different light,love
313,im looking forward to moving and having more space being closer to daves work as well as friends and family i am feeling very nostalgic about leaving,love
314,im friendly with a male i just feel the need to be affectionate,love
315,i know those cobbled streets are normally home to kebab eating drunken maniacs that make you feel as if youve gone on a lads holiday to kos by accident but le qg do really lovely mojitos and during happy hour pm every day they are euros,love
316,i turn to my left and feel the hot muzzle of a gun pressed against my forehead,love
317,i definitely feel loved i guess my second love language would be gifts,love
318,i went home fortunately i hadnt gone home and left again and as i was feeling ragingly horny was checking my messages and ended up swapping messages with a guy who had been sending me rude messages and just kept on hitting the nail on the head with exactly what i like,love
319,i really stubbornly want our bikes with us i love our bikes and honestly i feel pretty loyal to yuba i dont want any other bike damn it,love
320,i feel very slutty compared to her,love
321,im scared please protect me to which the normal male response is to feel more affectionate and sympathetic towards the individual for whom he has accepted the responsibility of protecting,love
322,i feel like you are not caring enough of my circs,love
323,i daydream about quitting my job and doing something entirely different because i don t feel passionate about my work anymore,love
324,i had to announce it to my mom and i feel like im not caring for the stuff im given enough and that im somewhat unworthy of getting anything else of value from my family,love
325,i mean feeling you up doesn t feel supportive to you,love
326,i feel like my loved ones want to just put me in a box and ship me off somewhere until i see things the way i used to,love
327,i feel very loved,love
328,i use to watch and laugh at people while they were feeling pain or were soon to be killed because i grew up only caring about my grandparents,love
329,i think i am not unique in my powerful feelings for this city loving concern for its health and wholeness immense pride in its contributions to humans musical legacy awed gratitude for its part in american art and culture,love
330,i understand that there is a place for support groups and rants and anger but there needs to be room for something else and i no longer feel particularly accepted there,love
331,i feel quite tender and what is this,love
332,i feel that this is an underused topic especially when so many movies even disney movies put more of the focus on romantic relationships than family relationships,love
333,i save the smaller ones for my ass but if i am feeling really horny a nice hard carrot will take me where i need to go,love
334,i feel like he was trying to be supportive,love
335,i wont be totally satisfied until i feel like me and my work actually means something to more than my loyal reading viewing audience,love
336,im starting to feel sympathetic towards the robber now,love
337,i would feel the hot moist eager mouth as his lips and mine pressed together in passionate union and i would think of and feel many other bodily sensations and responses to his touch and presence,love
338,i recall them i am feeling fond of the memories how i was growing into my own independence at the point in my life and how it helped shaped some decisions i would later make about moving out of my home town,love
339,i feel the delicate separation of each muscle the ripples and bumps of old injuries nursing them back to smoothness,love
340,i feel romantic emotions over something non romantic,love
341,i have a feeling it meant more to her i could see a reflection of myself when she looked at me how i looked at other guys that i liked,love
342,i know everything that i want in a person but every time my feelings take over caring feelings and i cant stop myself and feel that i want to be with that person even though i know that theyre missing some key things that i feel i need,love
343,i could feel her ache her longing to embrace my words,love
344,i can feel it even with gentle walking,love
345,ill know who i am and not feel the need to emulate others behaviors to feel liked and accepted,love
346,i feel like ive been accepted into a community here in my new town,love
347,i did feel treasured by him,love
348,i was feeling very romantic a few minutes ago ugh,love
349,i feel extremely passionate about is a href http www,love
350,i am imploring people to respect my talented sons memory and feel compassion for his loving mother sasha,love
351,i see people who i do not particulary feel sympathetic to on the news that have lost everything to a tornado and they start crying or carrying on i feel my heart strings moving and tears will start running down my face,love
352,i can tell she has feelings for you and i know she loves the dog she s been caring for,love
353,i can clearly understand from a mum who has been trying over a year and i feel for those who have that longing to bring another baby into the world but are having great difficulty a href http www,love
354,i feel the movie was really about getting canadians fully on board with supporting the war more than it was to get americans to join,love
355,i enjoy feeling passionate about somethiing it makes me feel alive,love
356,im feeling cabin fever gt nowhere in groupons romantic vacation deals for two fineprint says it needs to be fulfilled by loveydoveys see where im going with this,love
357,i used oz and didnt feel like i was being generous with the chocolate at all,love
358,i wish you a good start on a new year coming and may you always feel the warmth and loving you deserve,love
359,i kissed my mother good bye as i made her drop me off away from the other kids so that it made me feel at the tender age of that i was a grown up,love
360,i wish to know whether i should feel sympathetic towards the airline american if say their plane is on fire or their pilot has exploded or whether i should want to set them on fire if say they just decided to walk on their obligations to save money,love
361,im not feeling so slutty tonight as much as pouty,love
362,i fall in love i want to fall for someone who will make me feel that loving him is the greatest decision i ever made and not just another mistake i always have this fear that one day you are going to discover that im not as great as you once thought i was,love
363,i feel snape is loyal to no one but himself,love
364,i think i rubbed it in my sleep and it feels tender,love
365,im feeling nostalgic this morning im going to link back to my post on november,love
366,i know it wont ever be like but i just want that feeling of caring back,love
367,im feeling really romantic and cheezy after watching the full season of the st shop of coffee prince,love
368,i who are feeling a little amorous this week by reading this sexy book are just going to have to wait until we get home to get a little romance,love
369,i feel like they are just trying to be blindly supportive,love
370,i feel the call to detach myself emotionally from caring so deeply about both the process and the outcomes and to surrender myself completely into gods hands leaving everything including the process the outcomes and the timing up to him,love
371,i both had a feeling she was a girl but would have also loved the idea of brothers,love
372,i really want to switch to as much as ive enjoyed this blog is a blog dedicated to type diabetes because that is what i feel truly passionate about right now,love
373,i think that is the same thing because when you have feelings you are more considerate to others because you know how you would feel and wouldnt want them to feel as hurt or as confused or hmmm,love
374,i feel like there is no point in caring for my body because it is not the body i want,love
375,i had been feeling hot all day the first day and also into the evening,love
376,i was feeling nostalgic so i went and watched older videos and read older bn posts and heres what ive noticed about this guy there was a time when he did things perfectly e,love
377,i feel i should have liked much more than i actually did,love
378,i am still feeling rather tender over the duplicity and don t think i can report about it in a logical or clinical manner,love
379,i feel it was just a nostalgic journey for me that made me think of those rare instances where you win at the end of the season,love
380,im feeling nostalgic ill share it here,love
381,i feel birth and caring for a newborn is not something you can read about and control,love
382,im done massaging them my nipples are so hard and i feel so horny that i cant help but moan and imagine you fucking me from behind while you mash my two big boobs,love
383,i feel that ive met people who are genuinely caring and its touching that someone who is on the other side of the world would be so open and honest and bother about how im feeling,love
384,i feel like they draw attention up to your face and can sometimes frame your shoulders and collar bones in a lovely way,love
385,im feeling naughty or im feeling extremely lonely,love
386,i call her a mean name it means i am feeling especially affectionate towards her,love
387,i feel myself longing for eliza even more,love
388,i started to feel hot all over and could barely swallow,love
389,im not a very romantic girl since my heartbroken but i can truly feel and its my fault wanting the sun when its so far from earth to reach it and to hot to touch it,love
390,i do not feel they are caring enough about the flooding that will occur even after the storm on sunday,love
391,i feel about him even though i have a feeling he knows that i liked him at some point,love
392,i feel his little body melt and relax and he lets out a little sweet sigh,love
393,i was i met my boyfriend and dm was his favorite band and he gave me everything the ever did and i feel in love with them al over again been hoplessly devoted ever sence getting worce but the month,love
394,i have a feeling this one may take some time but so farim loving it,love
395,i cant deny that the picture above does make me feel a little nostalgic for home but it does leave out some of the key elements that make the north such a special place in my heart,love
396,i feel it is my duty as the owner of the manchester dungeon to not only join in but to show them how naughty is really done,love
397,i inhale the scent of pine needles and earth feel the sun on my face and the gentle breeze in my hair experience the grandeur of being a part of it all,love
398,i just hate feeling like i m not enjoying or loving running anymore because of some awful runs,love
399,i just wanted to tell you that even if general o neill hadn t asked me to look out for you i wouldn t let you go suddenly i m feeling really sympathetic to you and him and i can t believe you ve spent thirty some odd years apart,love
400,i feel sympathetic to a group he may see as unworthy fallen angels he might at least be able to shed some light on how i can come to terms with this after being taught differently,love
401,i started to feel all slutty and dirty like some sort of hoodrat so i had to constantly check myself just like i had done my whole childhood,love
402,i will never feel the warmth of a loved one against my skin,love
403,im taking a study break and feeling so nostalgic and blessed i decided to do a little recap post of this year,love
404,i could feel the longing and feeling of the characters through their speech and they really became the characters they were conveying to us,love
405,i dont know how i feel about that i really liked one and two,love
406,i feel like any student response can tip the delicate balance of my psyche,love
407,i really loved that sweater and it makes me feel all tender and nostalgic whenever brobee comes on the screen,love
408,i find that despite the fact that i feel like i really liked this book i certainly read through the entire thing like i had a physical need to find out what happens next i cant think of anything to say about it,love
409,i feel a gentle caress on my hair which i make an effort to keep soft,love
410,i would not have told him or even joined the company had i not had a feeling he would be supportive,love
411,i feel she actually liked dad,love
412,i feel hot wet tears on my cheeks,love
413,i feel at times as god tries to teach me to give up my un gentle ways to be more tender,love
414,i spoke to the tutors that i feel i can confide in and they are so supportive,love
415,i feel that we had a lovely time with the best bit being able to be together as a family,love
416,i am comfortable when im with him and yet as we go home i feel this longing to be with him again,love
417,i say the only way to justify myself that i can think of is blaming this moody feelings to my passionate nature i feel what i feel and i cannot change it,love
418,i feel like i talk about xavier too much but i just really like that program and what they do year after year and i really really like tu holloway although i liked him better when he went by terrell,love
419,i feel causes have caused me to stop caring as much,love
420,i left it on for a bit longer than five minutes and it was dry and easy to wash off leaving my skin feeling lovely and soft,love
421,i was feeling very loyal to the horde after trying out a couple of human characters and swiftly deleting them but the dwarf i tried out is cute and ive kept her,love
422,i have still been feeling pretty delicate although im slowly getting better,love
423,i hate that i feel that we are on a delicate schedule with very little wiggle room,love
424,i feel the earth s heartbeat slowly begin fade distinctly into a gentle tapping sound and then it magically disappears,love
425,i did feel a longing to have the book in my hand though except when i was listening and driving,love
426,i know frying is not healthy but lately i have been feeling naughty so i fried these babies in vegetable oil and served them with a light dash of creole seasoning,love
427,i feel that over the years i have nurtured this compassionate side with the help of others,love
428,im feeling very naughty tonight but it is so funny,love
429,i walk by animal stores or see people walking their pets i feel a sense of longing for my own animals,love
430,i feel your hot breath on my ear as you press me against you and my left hand reaches to caress your cheek,love
431,i feel horny serena pointed out logically,love
432,i remind myself that the bad mood will be more intense and longer lasting than the good taste and short lived good feeling of that sweet that is calling my name,love
433,i feel that one of my strongest traits is my compassion for others being compassionate is unfathomably important to me as it is the grounds from which i stand,love
434,i even feel nostalgic for that night we slept on the front porch of that restaurant in manchester center to get out of the pouring rain,love
435,i start rounding rd i might not be feeling so lovely towards a big ole belly,love
436,i know its a common feeling but now i cant imagine loving another child as much as i love my little boy,love
437,im feeling heaven this evening bcoz of you my lovely flowers lt class scaledimagefitwidth img height src https fbcdn sphotos f a,love
438,i feel but i never have second thoughts about supporting my football team,love
439,i hope that today you too may get into something that makes you feel fiercely passionate,love
440,i feel like have been supportive lately,love
441,i feel like some people dont know how to be considerate and be open about problems why dont you admit you have a problem,love
442,i feel tender toward those youthful aspirations,love
443,ive been finding it hard to eat things that slim people occasionally eat like cake ice cream pie doughnuts cookies chips without triggering cravings for those foods and a feeling of longing after just one,love
444,i think only we know how it feels like to be longing for all those ibadat that we do everyday,love
445,i feel like theres others who are more passionate i would literally step back,love
446,i might not feel like im beloved but it is a declaration over my body,love
447,i miss reaching back and feeling her there telling her i loved her as the last thing we said to one another each night,love
448,i feel and is sympathetic to what im going through and didnt call me this time,love
449,im feeling generous here are a few of my favorite fall fabric finds,love
450,i feel scrubbing around the edges in a hot shower always does the trick without the risk of accidentally getting nail polish remover on freshly painted nails,love
451,i did not feel saddened enraged or jealous,anger
452,i feel rebellious buying things in bulk i feel rebellious buying things in bulk march am filed under a href http tranquillullaby,anger
453,saw a selfish person doing a selfish thing,anger
454,i don t have my daily consumption of rice i feel a little cranky like a baby without a nap,anger
455,i dont know how to put it into words but i had a feeling of being up against something that was rottenly dangerous,anger
456,i tried it a few times and couldnt stand the feeling of being insincere,anger
457,i did feel that letting her know that something she was doing bothered a large number of people with whom we both socialize amp they had let me know,anger
458,im feeling rude,anger
459,i was just thinking whatever i feel like crap and im grumpy so i just ignored it,anger
460,i feel really really angered,anger
461,when somebody who had been a bully and had acted cruelly to others who were unable to defend themselves was taken down a few notches and he began to grovel i was disgusted with his grovelling and the manner in which he had treated others,anger
462,i feel like i spend so much time being distracted by the people here and the boys and making sure i have someone to hang out with rather than intentionally loving on people for the greater good,anger
463,i just feel so aggravated about this whole subject but mostly hurt,anger
464,i perceived others feeling envious of something i receive or experience and i will do my best to hide that asset from their awareness in the future,anger
465,i feel resentful of the idea that tantric healers are better than the rest of us who provide sexual services and i am sick of religious entities claiming special exemptions e,anger
466,i feel annoyed when they refer to him as the smoking kid,anger
467,i was feeling quite pissed just now as i was accused for nothing again and the worst is by my own mother,anger
468,i feel really petty for what i did,anger
469,i feel rather offended that it did not live to any of my ideals,anger
470,i have a feeling she will be in for a rude awakening down the road,anger
471,i feel a little vicious,anger
472,i ended up with four cats who daily add to the staleness and disorder of my little box in the city and i no longer feel affinity for them irritable as ive become,anger
473,i feel as if eventually im not going to care about anyone else that im going to become hateful towards everyone not necessarily because they did anything wrong but because they didnt notice the pain that im in,anger
474,i feel require stood twains stubborn things the clothes of less charge the front page allow asphalt compactor eccentric system weight take over more segment those soccer drill for beginner scrambling for a road name long hot summer,anger
475,i know that they were once someone else s it would feel rude to just toss them off,anger
476,i go in i never feel rushed and feel like i am being paid full attention,anger
477,i cannot see her in my mind without feeling enraged by the absurd torture we put each other through,anger
478,i got home this morning feeling extremely grouchy after a long drive without my sirius reciever and she presented me with the little box,anger
479,i had been feeling irritable just a half hour before lacey and i reached my moms place,anger
480,when i was refused a transfer from my school to another,anger
481,i will deal with her as i feel her conduct to be highly dangerous and damaging to the mind,anger
482,i feel so pissed off over an old friend and some friends,anger
483,i am feeling just a tad and im being really sarcastic here pressed for merriment and joy,anger
484,i feel less of a person because of it and then i put up this wall this bitchy wall,anger
485,i think the scenario was some sort of invasion of body snatchers things as i get the feeling we were trying to avoid some people and more and more became hostile,anger
486,i sometimes feel dissatisfied with my life i see christian and it seems he has it worse off than me,anger
487,i feel more than a little impatient with people,anger
488,i would feel offended and as well embarrassed,anger
489,i let out a shiver but i didnt feel to cold,anger
490,im annoyed because i feel annoyed,anger
491,i feel so disgusted with every sight and inch of myself,anger
492,i feel like i need to see what he looks like when he s angry so i know not to make him angry,anger
493,i feel in some way like i got greedy with my luck and look where it got me,anger
494,i look at momade s cuts any longer i might throw up on him but i feel really rude walking away,anger
495,i love without questioning when it s love i feel i don t hate though i will get angry and flustered with people if i dont get what i want or the way i want it,anger
496,i found myself feeling enraged fearful and helpless all balled up into one,anger
497,im hurt perhaps by another bahai that i feel wronged me in some way,anger
498,i feel like a greedy person,anger
499,i feel so violent so vulgar,anger
500,i feel it terribly impolite the bore the shit out of kind folks who had the unfortunate luck to be dragged into a conversation about writing with me a conversation i could have for approximately hours before tiring,anger
501,i just feel the bitchy need to report it to you for trial by jury,anger
502,i thought i would feel resentful and angry when my alarm went off in the morning,anger
503,i too am in perpetual motion all this demands a high level of tension but it gives me a feeling of violent almost vertiginous happiness,anger
504,i feel annoyed as if the world if taunting me,anger
505,i feel violent when i watch it,anger
506,i kinda feel bitchy but im turely sad,anger
507,i would point out that there is a way also to draw a measure a measure that americans will have a different feel for when i lay out the casualty rates for violent deaths in our cities in america,anger
508,i feel that i may have unintentionally offended you during our conference call today and if so i apologize,anger
509,i feel i rushed the first one,anger
510,i don t usually take my medication in the middle of a job given that it is supposed to help me forget but i ve been feeling distracted,anger
511,i can tell you the girl would have strangled you by now not only because you have cheated on her feelings but of another females which makes you a heartless jerk,anger
512,i feel like such a cranky old woman every time i try to fire up a new game now because i reminisce about the good old days when you put the disk in and away you went you didn t sit around waiting for bullshit downloads,anger
513,i should feel furious mad sad depressed,anger
514,i feel i owe it to cob higgins and petty officer holtz,anger
515,i feel as if its trying to be dangerous and dark but it fails at least to me to a big degree,anger
516,i still feel a pang of guilt when i m unkind or selfish when i do something i feel to be unethical for the most part the gripping guilt of religion isn t something i expected to feel again in my lifetime,anger
517,im also feeling stubborn about the fact that i would really like my engagement ring to cost more than what my rings from moon angel cost otherwise i should just get another ring from moon angel and be done with it,anger
518,i left all that well alone in the last decade and did a little something on jessie j i feel a bit like a come dine with me contestant who got too pissed when they did the scoring and gave a,anger
519,i want you to feel like you can joyously sing and dance and everyone will clap which they will i want your mom to stop making me feel violent i want your mom to be sweet like candy,anger
520,i understand it is if you fail and you feel jealous of other people you dont have the right to feel jealous cause you didnt work as hard as them,anger
521,i know some people drive a long ways to get to their jobs and i feel like im being a little greedy here looking for another position,anger
522,i am a bit depressed and feeling fucked up,anger
523,my parents were having a typical family argument i came in and saw the scene and became angry,anger
524,i was still feeling aggravated with myself everything,anger
525,im currently feeling very irritable and a little irrational,anger
526,im glad turtles cant talk or have feelings of resentment and a sense of being unjustly wronged or sue,anger
527,i spent most of it feeling pissed off see the last post about me being bitter and its kind of just carried on into the week,anger
528,i feel your greedy hands are cold,anger
529,i feel annoyed too when people don t show confidence in me,anger
530,i could probably just do two separate finds and iterate over them to merge them together but im feeling stubborn and want this to work,anger
531,i really don t consider them to be a part of my life now but they were a huge part of my adolescence and i feel would be offended if i don t invite them to my wedding,anger
532,im feeling considerably irritated and confused by how easy it is to notice something has gone missing,anger
533,im feeling a bit grumpy and frustrated tonight so decided maybe an early bed time and early morning work out maybe the change i need,anger
534,i just feel too much and i care too much and i get bothered too much,anger
535,last night finding that someone in the house had eaten an entire packet of almonds i had bought for a family treat,anger
536,i still feel like a letter from someone hated by most of the students myself included is certainly worthwhile to have,anger
537,ive always had the very stabilizing feeling that theres a load of seriously fucked up bigoted idiots out there and i dont have to take what they think of me personally,anger
538,i don t feel resentful at x for lashing out at me,anger
539,ive been mad at someone or feel insulted by them caleb has gone out of his way to be nice to them,anger
540,i feel resentful that balint micromanages my food and even though im grateful for his efforts im equally resentful that he does because i want to eat,anger
541,i because im feeling impatient and all this longing to have a baby,anger
542,i feel like an angry gorilla all the time and always ready to chew someone s face off,anger
543,i just saw my work schedule for next month and im left feeling frustrated,anger
544,i feel so mind fucked right now,anger
545,i find it interesting that carlson is offended and feels that gundy has wronged her,anger
546,i was feeling a bit grumpy this morning so i pulled up my humor file and found this that my husband had sent a while back,anger
547,i feel like becoming violent,anger
548,i feel lied to and pissed,anger
549,i know how she cut things off with our co worker al and i know how she words things when she wants to spare feelings and ease things so things do not completely become bitter,anger
550,ive been feeling a little stressed this week and i really need a kind little snail on my shoulder to remind me about these simple things i can do to improve my life and my art,anger
551,i have a feeling im repeating vicious cycles and i cant stop myself,anger
552,i started to feel like i was going mad as i was sure i could see stars floating in the water but whenever i went to grab one i came up with nothing,anger
553,i came up on miles i was starting to bonk out a bit and me left knee was starting to feel a bit aggravated,anger
554,i feel toughed or angered or concerned about something that i really feel like sharing,anger
555,i suppose on days when im feeling grumpy tired and spread too thin its even more important to put i thessalonians into practice,anger
556,i got past the sick feeling in my stomach and got mad at the situation instead of just at myself,anger
557,id work on this relationship but right now i feel were being petty both of us i mean,anger
558,when my friends left without waiting for me,anger
559,i am feeling quite cranky towards them,anger
560,i dont know why the hell i feel so violent lately though i have my theories but my fingers itched for the feel of a gun or a sword,anger
561,i pretty much feel like a heartless bitch,anger
562,i didn t want my feeling to be offended and opt not to return in the future,anger
563,i feel agitated and empty and missing something,anger
564,i feel like ive been fucked over dry,anger
565,i will hope she experiences the thrills of running to catch buses and feel the frustrated tears that flood ones eyes after missing buses,anger
566,i believed this story for so long that i didn t eat a topic bar until my twenties turns out their pretty good and now i buy them when i m feeling dangerous,anger
567,i get the sense that you re feeling irritated today,anger
568,during my childhood when i could not get what i wanted from my brothersister and parents,anger
569,i have to stay creative or i feel i will go mad,anger
570,i read her post i thought about how differently that night could have gone if they were feeling a bit more selfish,anger
571,i could not shake the feeling that the framing of shots was perpetually a bit out of whack almost as though filming was so rushed that oplev had to content himself with merely plunking the camera down haphazardly,anger
572,im still feeling so wronged and upset about it,anger
573,i was tired of walking couldnt really run and feeling irritated with myself,anger
574,i feel violent to a certain degree of wanting to protect my personal space,anger
575,im feeling very bitter against knight in shining denim because i asked him a year ago to go to the gym with me and he wouldnt spend the money,anger
576,i feel the cold nights thinking of the old nights spent along with you,anger
577,i arrived at the school i was already feeling the pain on my knees but i was appalled and shocked when i saw two wounds bleeding,anger
578,im not criticising anyone right now but i really feel disgusted talking to those people who have no respect for themselves,anger
579,i feel violent rash and a burning sense of damnation within me,anger
580,i was feeling a little bitter,anger
581,i find i am feeling quite resentful when it comes to sex as i feel that he is being extremely stubborn and hardheaded when it comes to our sexual relationship,anger
582,i use to think about you guys when you guys would just randomly appear in my life or when you obnoxiously post photos of you kissing dudes or what ever on instagram i use to feel bitter and sour,anger
583,i never brag but the ache in my groin is becoming painful and i m feeling spiteful,anger
584,i feel a blast of cold as the freezing air and rain sweeps in from the outside,anger
585,i hate the feeling when i get jealous because i dont like,anger
586,i start feeling cranky tired,anger
587,now that the ers are winners,anger
588,i started to not talk to him that much because i feel betrayed i am disgusted by his actions,anger
589,i didnt care was she was feeling i didnt know her and on top of that i was jealous she was getting johnnys attention at all,anger
590,i feel insulted by that,anger
591,i was beginning to feel stubborn,anger
592,i have is emotional blabber that pours out of me and then i have feelings and i don t know what to do with myself so i get angry,anger
593,having agreed to share the taxi expenses,anger
594,i feel like everytime i try to do anything i am distracted by something else,anger
595,i just feel this petty anger at all the mature people in my life because i feel that they are smug,anger
596,a drunk walked out in front of a car at night both lower legs were broken his shoe was thrown about yards after the accident,anger
597,i feel like i must vent my anger unhappiness somewhere other than telling my friends because i feel very bothered by it,anger
598,i try a few more times to get in to the white noise and brain wave sounds and really feel agitated and unable to just let go and relax,anger
599,im feeling very rushed for time here with only a few days left,anger
600,ive been feeling dissatisfied,anger
601,i was feeling more than a little apprehensive anticipating teaching in a christian school but scclc is unlike any other christian school i ve ever experienced before,fear
602,i was feeling pretty vulnerable though,fear
603,i feel so shy right now haha,fear
604,i wake up and feel a moment of hate for those who tortured me and enjoyed it,fear
605,i feel very intimidated by this government and i m not a woman who s easily intimidated she says,fear
606,i feel that the nd s is a pretty shaky one but i tried,fear
607,i know that when i am around certain skaters and coaches i feel threatened by them and i am on alert with respect to them and need to work extra hard to focus on the job at hand,fear
608,i still feel shaken and it was only an hour ago when i stopped crying,fear
609,i know when i am overwhelmed with circumstances or situations happening in my life the pressure adds to my feeling of being unsure,fear
610,im feeling so unsure when things are pressing in about me comes a gentle voice so still,fear
611,i feel hesitant and uncertain as to what to write almost fearful and watchful of what im typing,fear
612,i started to talk and could feel my voice getting shaky,fear
613,i know from my guy friends that single guys are facing similar dating issues they feel like they are no women out there who arent neurotic or bitchy,fear
614,i was driving very fast on a small road and i met an oncoming car in a right handed bend the other driver was on his own side of the road and i had to skid out of it to avoid a collision it was dark,fear
615,i never ever have to feel terrified or discouraged,fear
616,i feel terrified but anything is better than feeling dead inside,fear
617,i feel very uncomfortable around people with down syndrome,fear
618,i feel a little doubtful and,fear
619,i want to know how people are feeling and if there is anything they are as confused as shit about before i move on,fear
620,ive disconnected myself from situations that make me feel uncomfortable,fear
621,i feel vulnerable and exposed and all i want to do is run and hide,fear
622,i even feel that some else is having your attention or maybe im just paranoid but think why would a girl have paranoid issues,fear
623,im really feeling a bit unsure of the results and i reckon if i was to get another set and start again id probably do it all differently but alas hindsight is mankinds eternal curse,fear
624,i am feeling pretty shaky and sad,fear
625,i just feel so shaken,fear
626,i feel uncertain about my ability to know or understand hopeless in my ability to change or lead i feel overwhelmed by the act of existence,fear
627,im feeling pressured hell lot of pressure,fear
628,i woke up around pm and was feeling restless so i got in my car and started driving,fear
629,i shrine in samarra on february and the ensuing sectarian violence primarily between sunnis and shias has changed the way many iraqis feel about the concept of one iraq and i m skeptical that those changes can be reversed,fear
630,i feel more scared and uncomfortable then i am laughing,fear
631,im feeling unsure of myself much of the time i start doubting myself,fear
632,i am not feeling too nervous because my friend fran from the universe had calmed me down but damn i can t turn my neck,fear
633,im feeling most vulnerable dark and hopeless i tend to sync every bad thing that is occurring in my life and put the good aside,fear
634,i know what i feel so even were uncertain im not hiding not furtive,fear
635,i me is that i feel shaky,fear
636,i should shoot for i feel even more confused,fear
637,i got this kind of cool edgy feeling from this top especially with the distressed holes on the side which you can faintly see in the picture,fear
638,i am already calm and happy but when i m feeling under stress or distressed i get so caught up in that that i forget that i have a tool at hand to help me,fear
639,i bought the rowan studio crochet book thinking id make katelyn and bought some lovely mustard coloured yarn but i still feel a bit anxious about attempting it,fear
640,i am feeling a little paranoid right now,fear
641,i feel almost as though he might have been frightened to meet morgan,fear
642,i feel distressed whenever i don t blog for so long as there s something about the love of your life pinching you on the sides yet you ignore it,fear
643,i am feeling skeptical today,fear
644,i feel shaken to my core with this recent movie theater shooting,fear
645,i hate damaged hair and the way they feel like so thats probably why im hesitant to colour it apart from mom forbidding me to,fear
646,i know and i feel frantic,fear
647,i was feeling afraid at this stage honestly thought my brain was about to be done with,fear
648,i only have a few seconds to write as i am feeling very frantic with the pile of papers on my desk,fear
649,i slept together because we both feel incredibly vulnerable about the fact that you re leaving again,fear
650,i feel as if there are absolutely no reasons for me to be so terrified and yet i am,fear
651,i guess i just need to see how it goes so while im feeling very nervous im also very excited,fear
652,i do have to be careful not to eat too much now otherwise i will feel pretty uncomfortable afterwards,fear
653,i worked up a sweat increased my heart and breathing rates but i didnt feel distressed in any way no wheezing or anything,fear
654,i admit that more often that i would like i feel confused in battle scenes but still i would say that i like or even love them in my fantasy readings,fear
655,i always feel a tad intimidated when i post there,fear
656,im getting invisalign so i will be feeling rather apprehensive about going in,fear
657,i feel reluctant then to comment on some of the more complex themes at play in black swan such as parental influence and sexual liberation,fear
658,i feel insecure every day of my life but thats become just a part of my daily life now thats nothing new,fear
659,i said last night to my girlfriends that i feel kind of helpless especiallly when it comes to my weight and rachel said you should write about it it always helped you to keep track on your blog,fear
660,i go lower than that for a few consecutive days i start feeling shaky agitated etc and it doesnt get better with time,fear
661,i kind of feel like a failure in that department but she was so so so timid if you spoke anything to her other than russian or ukrainian,fear
662,im not feeling fearful just anxious,fear
663,i find that im feeling petrified and strange for this girl ive never met,fear
664,i feel so indecisive about everything still,fear
665,i can eaaaasily run over there and even back if i feel distressed of the outback lifestyle,fear
666,i feel myself terrified of what other demon would take its place,fear
667,i somehow feel more vulnerable without it,fear
668,i feel shy going into stores i feel like such a waegook and how i can t really speak korean gt,fear
669,i am feeling much more then i have in my life and it is so strange to feel anger or fear and not shut down emotionally or mentally to protect myself and the others around me,fear
670,i sometimes feel hesitant about movies based on steven king stories,fear
671,i had gone for a medical checkup at the uth and failed to make it back on time for the c practical sessions at hours last academic year,fear
672,i know i can do things to keep myself calmer and feel alot less frantic,fear
673,i feel scared attacked and manipulated,fear
674,i really was just feeling unsure and insecure,fear
675,i am having some blood sugar issues this afternoon and i feel all shaky and hopped up and so if this post is a little heavy on the caps i just wanna say sorry,fear
676,i feel scared because theres actually nothing there to be scared about,fear
677,i was feeling pretty paranoid as i rode the last mile or so down carrollton avenue in traffic,fear
678,i might believe that im in an intellectual state of mind only to realize that i feel afraid inside,fear
679,i feel hesitant i just want him to feel loved,fear
680,im not quite sure when things changed but i know i boarded the international flight to malaysia feeling slightly apprehensive but mostly excited,fear
681,i am feeling a little suspicious cuz she is now less than ft away from me,fear
682,i still feel scared and he wraps me around tighter,fear
683,im feeling a little reluctant to embrace this youthful trend,fear
684,i really feel hesitant to write about nothing but bill,fear
685,ive learned i will fight fiercely to avoid feeling vulnerable,fear
686,i feel shy when people shout my name,fear
687,i fall behind on dishes folding clothing sweeping or sorting paperwork i feel distressed,fear
688,ive been feeling is shaken at my core,fear
689,i feel like myself just a much less neurotic and sometimes less energetic remix,fear
690,i still feel uncertain about my work but it s only been one semester,fear
691,i do feel a little shy when it comes to having peers read my paper,fear
692,i had to go around feeling paranoid that he d blab to our friends and they d think me silly or lonely or petty or all of the above,fear
693,i feel so unsure about us,fear
694,i feel paranoid lonely moody fuckedup and pissed off very often way too often,fear
695,i still feel reluctant to spend rm to see a doctor,fear
696,i feel shaky and pretty weak,fear
697,i feel pressured i misspell and i leave words out and my thoughts get jumbled one finger typing is tedious and my poor finger gets worn out,fear
698,i feel so confused lost and hurt,fear
699,i feel a bit frantic as i am starting out this blog trying to get people to pay attention but honestly if people like it or do i will still keep writing and being true to myself,fear
700,im sick of feeling pressured to prove myself and joeys ability via training and shows,fear
701,i was feeling by putting them onto canvas my lack of emotion frightened me,fear
702,im guilty but i have a feeling thats what theyre thinking especially because they are suspicious of me after my supposedly malicious comments the other day,fear
703,i want to wear but can t wear because i m not a size or then yeah i feel pressured to be skinny,fear
704,i feel like such a little wimpy girly man at work cause im not allowed to lift more than lbs,fear
705,i feel mildly terrified by ramsin canon,fear
706,i no longer feel restless with silence around me,fear
707,i didnt want to feel peer pressured into a handmade christmas because thats the kind of pressure only thrown at women and that drives me a little nutters,fear
708,i hope thats what youre all thinking honestly im still somewhere in between part of me has calmed down since that episode while part of me is still feeling just as uptight as before,fear
709,i have seen that a father or some person in the family generates so much negative vibes in his home that the other members of the family feel uncomfortable when that person comes home,fear
710,i feel very frightened that i cant get thru this,fear
711,i feel that now im out here im more confused by it as ever,fear
712,i feel about the decision to divide the community along pay to play lines until this point it s been a direction valve have been reluctant to travel and with good reason,fear
713,im feeling frightened and a touch of despair,fear
714,i never told anyone to think that i woke up one day and have that familiar feeling anxious restless until i could go to a store decoration of clothes jewelry or home,fear
715,i feel really agitated and confused about something say for thirty minutes and in that i feel like im analysing everything around me,fear
716,i got a feeling tt i m gonna breakdown in any moment if i am agitated,fear
717,i am trying to sleep or sometimes when i have a particular dream i go through this strange and st times disturbing episodes where it feels like i become obsessively fearful over the most trite things like whether or not i will wake up in time to get to class,fear
718,i think it is time especially between women that we celebrate and be inspired by each others strengths instead of feeling intimidated,fear
719,i am feeling really scared says ali akram hayat a student of lahore grammar school who has been selected besides four others to represent pakistan at the world schools debating championship in south africa,fear
720,i am convinced they do meetings in bathhouses only for the easier clean up though i do get that you probably are likely to be more honest when you are feeling that vulnerable,fear
721,i looked back and seen wow look at all the audience looking down at us making me feel nervous but the next day i when back on the stage and i feel alright you know,fear
722,i hate feeling so inhibited,fear
723,i was feeling a little bit skeptical at this sudden and swift departure,fear
724,i come here seeking comfort and end up hurting the person i care about most and leave feeling more distraught and in need of a hug than i started out,fear
725,i was afraid of my gut feeling i was a person afraid of guessing throughout my teens and twenties,fear
726,id feel reluctant to grill my sausages on this bbq of beauty,fear
727,i think the hardest part about our phd is probably that we pursue it at a time in our lives where we are old enough for really big things to happen to us and young enough to still feel unsure unbalanced inexperienced and afraid,fear
728,i want one who can make me laugh and do little things to show me he cares like getting my assignments from school when i m sick or play with my hair while he s bored in class or holding my hand when i m feeling insecure and putting other people in their place when they try to mess with me,fear
729,im starting to feel a bit like gordon ramsey kicking people out of hells kitchen but i have to call out the ranch for their wimpy pulled pork sandwich,fear
730,i constantly feel paranoid bitter and cynical but at the same time stressed and on edge,fear
731,i will try to feel vulnerable transparent interpersonal etc with her as she would like me to,fear
732,im feeling a bit shaken but not stirred nice bond reference ehh,fear
733,i feel intimidated by it but its still nice enough to be a pleasure to work on,fear
734,i feel afraid because of things i view as harmful to myself or others both in the present and for the future,fear
735,i am suspicious and in the case of gw i feel like i have every reason to be suspicious,fear
736,i still feel a bit anxious writing down everything i feel but thats why i also have a journal,fear
737,im feeling a bit restless after being sick for those few days so im looking forward to getting back to my regular self practice and taking some classes,fear
738,im feeling terrified and sadistic at the same time hahahaha,fear
739,i never knew i was expert in that well karishma certainly made me feel like that and i would have surely avoided the compliment brought us to the evening with me still unsure about the coming few days stay,fear
740,i want to say is that i feel tortured whole heartedly to not be able to hear your voice and to get your response on my emails messages and calls,fear
741,i feel less distressed by present woes four more years of boris,fear
742,i hate that feeling an for another im terrified of setting off another round of muscle spasms,fear
743,i need to put my summer clothes away and get out my winter clothes but that is hard to do when it is degrees on halloween and i feel uncomfortable wearing my colorful tights to work,fear
744,i feel shaky friends,fear
745,im feeling very uncertain about my future,fear
746,i was feeling kind of shaky and really cold,fear
747,i feel like i have gotten to experience his childhood a change from the time when i was very fearful that i was about to miss it,fear
748,im feeling unsure that im really ready,fear
749,i feel threatened and that is considered stalking,fear
750,i will say that exciting things are coming up that i can t wait to start but feeling petrified at the same time,fear
751,i feel like i should not be surprised at this development,surprise
752,i developed a sense of knowing that someone is thinking about me by feeling a curious form of tingling energy around me,surprise
753,i lie about how it might feel funny when the plane takes off,surprise
754,i can t be at yulara without feeling culture shocked and like the beauty that is the desert has somehow been wrapped up in glad wrap,surprise
755,i feel so impressed with ia,surprise
756,i think that everyone has a natural stress range that they can comfortably sit in without feeling totally overwhelmed,surprise
757,i shook my head feeling stunned by that thought,surprise
758,im feeling a bit stunned this morning as i received the news that a classmates memorial service will take place next s,surprise
759,i feel theres somethin strange,surprise
760,i have a feeling that he is going to be surprised at how she and how she says the others feels about the entire new situation but well see,surprise
761,i started to feel so curious about this guy,surprise
762,i think the reason i am really looking forward to belgium is that i have no idea what to expect from it and i just get the feeling im going to be very pleasantly surprised,surprise
763,i was treking it in bags to my kitchen it didn t help me feel impressed by the wine nothing says whoa baby like a thick five pound glass bottle with a cavernous punt,surprise
764,i am still feeling a little shocked by this,surprise
765,i always feel a bit funny carrying those things i laugh,surprise
766,i understand if you like the sound of your own voice so if you have to allot several hours a day for recording yourself and then listening to it as you fall asleep so you can feel impressed with yourself in your dreams,surprise
767,i see myself feeling like i am being attacked as like what i am doing here as a destonian i stop and breathe and i allow myself to see the funny as i realise and understand the ridiculousness of fear,surprise
768,i just feel like responding in david letterman top ten format for you dad i didnt say these would be as funny as dls,surprise
769,i have to admit im feeling impressed with myself,surprise
770,i am feeling especially amazed,surprise
771,i dont know if i am just feeling overwhelmed with everything that is going on in our life right now,surprise
772,i would get to my classes feeling quite amazing and refreshed instead of exhausted and dying as i was feeling when i would be running around as a full time everything,surprise
773,i am feeling amazed with new connections attitudes and habits finding their way into that space,surprise
774,i won the grammy that even feels weird saying that my mum said oh lou i found something and you re just going to freak out when you see it,surprise
775,i always feel funny complacent give or take,surprise
776,i cant be bothered to write a full review but there are a couple of points i feel i should make as im shocked why the printer has received so many negative reviews,surprise
777,i feel deeply impressed she needs to be baptized before she goes,surprise
778,i feel a little dazed with the amount of uncertainty that i am currently experiencing,surprise
779,i get the feeling he is telling peter many people will be surprised,surprise
780,i am still feeling so stunned and at a loss for words,surprise
781,i feel so strange tan is weird i always been pale and you can see all my veins this is a complete new thing for me because honestly i had never been like that not even in morocco or in the mediterranean sun here is wild,surprise
782,i feel impressed to share them here along with my two cents worth,surprise
783,i don t want this to come off as a criticism i feel like your last story was much more fragment than story and i m curious how intentional that was,surprise
784,i can t shake the feeling and i m genuinely curious how companies perceive potential employees who received an online degree,surprise
785,im feeling and i think thats such a weird question,surprise
786,i have this cleaning lady now and it makes me feel funny,surprise
787,i am feeling rather amazed to be honest,surprise
788,i feel so funny right such an idiot,surprise
789,i explore new options for you as the reader teach you my likes and dislikes about each one share my feelings and thoughts funny college stories and hopefully help you understand a little more about living enlightened in todays society,surprise
790,i wont tell you whats that problem but i will tell you about my feeling my feeling was sooooo surprised,surprise
791,i feel amazed and grateful for discovering this great technique,surprise
792,i liked to do so one at a time for which one of the group laughed at me for something which i still feel surprised about,surprise
793,is go to move in its tracks with one chakra filled blow he could not help but feel amazed,surprise
794,i feel impressed to interject here and proclaim that there is good news,surprise
795,i was left feeling a bit dazed and confused as to what was really happening,surprise
796,i feel strange connecting myself to a tradition that i feel somewhat ambivalent towards,surprise
797,i feel shocked and overwhelmed by the magnitude of this holocaust,surprise
798,im gasping for breath and i feel surprised and hurt,surprise
799,i woke up remembering the dream and feeling too funny about the whole episode,surprise
800,i didnt have to pop a benadryl to curb my allergic reaction which mind you is still in my system because i feel so freaking dazed and my muscles are so relaxed though im also trashed because im so tired but i am still heading to amandas because i feel like it,surprise
801,i think of them often so i always grab notebooks like these to use when i feel so impressed to,surprise
802,i have no time to feel stunned or afraid as i look over my shoulder and see my traitorous unicorn nuzzling a woman wearing,surprise
803,i feel plenty of people might be amazed to compare his measurables to be able to cam newton from the year ago nfl network analyst mike mayock said,surprise
804,i walked out of that bookstore feeling very amazed and also very strange,surprise
805,i remember feeling slightly surprised i hadn t noticed the disparity myself and felt my mind drop momentarily back into the rugged feminist mindset,surprise
806,ive eaten the kaiseki here a few times i still feel impressed every time the dishes come out,surprise
807,i don t know if it s possible but i still feel weird sometimes almost like withdrawals,surprise
808,im not sure how i feel about the idea of the suicide girls i was just looking because im curious besides dont you have to have tattoos,surprise
809,i get the feeling that while i may not have impressed him with any kind of congress prowess he still enjoyed my company,surprise
810,i feel shocked about that,surprise
811,i remember feeling stunned and lost,surprise
812,i left the streaming feeling impressed,surprise
813,i feel weird and hesitant to hit the publish button it s like the trigger to that inner bomb,surprise
814,i started to feel amazing and finished strong,surprise
815,i remember all these places i ve been and things i ve done and feel absolutely stunned that i look at myself as being so simple and boring,surprise
816,i have to admit feeling a bit strange about that,surprise
817,i wanted to relate my feelings on this topic on june nd but friends who surprised me for the day didnt allow me to have the time to do so,surprise
818,ive never suffered from acne on my chest so to feel this strange bump made me anxious,surprise
819,i feel a little strange having broached a topic largely considered taboo in my family,surprise
820,i get the occasional urge to buy things i see just because i like the way it looks good because i don t really feel the value of money if someone gave me i wouldn t be shocked or surprised at all,surprise
821,i did not feel anger towards her none actually which surprised me,surprise
822,i feel stunned,surprise
823,i feel so dazed i just came home and crashed,surprise
824,i am feeling shocked most ladies cant resolve this worry,surprise
825,i started going down the adventure feeling totally ludicrous and wondering if this wasnt all just a waste of my time thats when i saw this screenshot,surprise
826,i woke up with and went to bed feeling each night surprised me but excited me as i was fully present with my children from before the sun went up until after it went down,surprise
827,i feel surprised just,surprise
828,i continue to feel amazing and feel zero alarm at the prospect my body might die,surprise
829,im running im not paying attention to my pace im just going by feel and am usually surprised by the pace when the run is over,surprise
830,ive been feeling a little funny when people ask me what i want for christmas and i can t think of a single thing i need,surprise
831,i was really upset feeling that because i was surprised and i m afraid to fall for anyone right now,surprise
832,i cant describe the bittersweet feelings that smell recalled i felt like my heart was going to explode out of my chest and i hit my knees stunned,surprise
833,i think it s natural for humans to feel curious,surprise
834,i feel so overwhelmed and exhausted,surprise
835,i still feel a little dazed so maybe she was good,surprise
836,i only trust in the things i feel some may say thats strange,surprise
837,i feel like chiming in just to see the clerk s shocked reaction which would probably fall somewhere between how did you know i was talking about that,surprise
838,i take a step back and feel like im too curious for my own good and spend way too much time in these fandoms u u but i just thought that since we fell into the pit of needles anyway well dig and search it to the bottom,surprise
839,i feel when the internet cuts out gifs gifs and more funny,surprise
840,i quit my job and in other ways i feel like i m on some weird long vacation,surprise
841,i remember it feeling like i was dazed out like the life was draining from me,surprise
842,i feel a bit shocked and honored to have my own photos chosen to sit alongside theirs,surprise
843,i feel this little girl has amazed me this year,surprise
844,i was called a liar as i cried feeling totally stunned and disrespected by all of this,surprise
845,i stayed outside the car feeling shocked that she was so upset,surprise
846,i think this was one of those movies that you have to watch in theaters to really feel it i bet audiences just sat there in stunned post adrenaline rush silence for like minutes until the music in the credits started playing,surprise
847,i feel like im the only sex writer around who was not particularly impressed with swingtown,surprise
848,i often feel like i m most myself when i m writing which is funny because i m usually writing about characters who have little or nothing to do with me,surprise
849,i still feel shocked just like tia obrecht,surprise
850,im feeling so shocked and sad for the families and friends of those who died,surprise
851,i feel a little strange,surprise
852,i was all sorts of excited thinking oh my goodness hes going to let us in and were going to teach him about the gospel and hes gonna feel the spirit and hes gonna get baptized and have all of these amazing blessings and hell know heavenly father loves him,surprise
853,i will not feel strange if i do not go to don moens concert or israel houghtons concert that i will simply enjoy things as they are life and not exalt them on pedestals,surprise
854,i never feel it and most of the time im surprised when tears start to run down my face,surprise
855,i have learned that i can be funny even when i don t feel funny and i ve also learned that sometimes i am simply not funny at all,surprise
856,i feel a little shocked and a little at sea today,surprise
857,i feel like i shouldnt be surprised and that this just comes with the territory of being years old,surprise
858,i feel i feel strange i cant feel any pain anymore,surprise
859,i feel overwhelmed well by everything,surprise
860,i feel a bit stunned because i havent gotten the whole point insanity,surprise
861,i feel her strength and see her determination and am a bit amazed,surprise
862,i feel funny inside is that a reference to the circus going on in his underpants,surprise
863,i think i personally am more motivated under stress its nice to think about when i feel a little overwhelmed,surprise
864,i might feel amazing i would probably think ask for my story who knew it,surprise
865,i always feel like i need drugs after which is funny cuz its a health food store,surprise
866,im feeling overwhelmed with the daily chores and i feel levi brush against my ankle because he crawled across the room to me,surprise
867,i just woke up feeling dazed from a weird dream i just had,surprise
868,i feel i was amazed as i have seen this ballet by both russian companies and the thing that impressed me was the competence and professionalism of their young dancers,surprise
869,i feel surprised by how great it is,surprise
870,i start to feel a little overwhelmed knowing i have to make still,surprise
871,i still feel strange most days as if ive forgotten to do something important and cant begin to remember what it is,surprise
872,i feel like child dreamer me would be less than impressed,surprise
873,i began to feel funny with pounding in my head and a sort of weird fuzzy feeling,surprise
874,im still sitting by the side of the road feeling a little dazed and trying to shake the gravel out of my hair and wondering if anybody got the license number of that truck,surprise
875,i feel here s something that she wrote that amazed me just one of so,surprise
876,i feel curious and i feel very blessed principally in that i seem to be provided with a pretty endless supply of colleagues even when they fall out of the tree like darling filmmaker derek jarman,surprise
877,i am just feeling kind of amazed that it s already time for her to take this step,surprise
878,i feel anyone who reads christina s begoni s story will find that it s hysterically funny with a bit of romance that provides a thriller ending,surprise
879,i didnt feel like waiting around but i was impressed by their niceness and generosity,surprise
880,i feel about you im just curious,surprise
881,i feel like there is no way wwe cant be impressed with them,surprise
882,i feel funny saying yeah me too,surprise
883,i feel weird with it straightened,surprise
884,i can t help but feel that there are amazing peopl,surprise
885,im back and feeling amazing,surprise
886,im just seventeen and all so i dont really pay much attention to it i mean there is still a lot to live and lots of things will change but i look at my friends all with their boyfriends and such and it just feels weird i dont really know why,surprise
887,i can at once acknowledge the beauty outside and then feel curious about what im feeling inside,surprise
888,id feel overwhelmed,surprise
889,i feel overwhelmed by the need that we saw there and the knowledge that there are so many others like her,surprise
890,i revelled in the feeling allowing himself those few stunned heartbeats to remember just how stupidly attractive the other man was,surprise
891,i feel i deserve more but am amazed to receive less,surprise
892,i realized that i never really talked much about my engagement ring to the hive and i feel the need to share because i was not the girl who was completely shocked when i received my ring,surprise
893,i feel as though it shouldnt have shocked me like it did but it in fact terrified me,surprise
894,i feel everyone is going to be surprised to see how much he s grown,surprise
895,i think of you i feel shocked a href http www,surprise
896,im feeling up for a challenge these days and curious for new inspirations,surprise
897,im feeling abit amazed at the way i totally grumped out on her and ep a few days ago somehow i dont really regret it,surprise
898,i just get tired of feeling like i have to tell it all or prove my situation and defend myself and look at those un impressed faces,surprise
899,i read about the part of snape in book i didn t feel so moving i felt more surprised than feeling moving,surprise
900,ive been feeling all these funny cramps going on lown down in my tummy and i distinctly remember them from last pregnancy although i didnt realise until now that it was related to pregnancy,surprise
